name;competence;willingness
samo;0.36363636363636365;-0.5909090909090909
