name;competence;willingness
samo;0.16666666666666666;-0.5483870967741935
